order_id,score
KO2610504,0.09510871483570602
KO2610505,0.07579853268716784
KO2610506,0.07141778297751278
KO2610507,0.012707779562549728
KO2610508,0.01356531188846569
KO2610509,0.03918489198785116
KO2610510,0.0680058942045804
KO2610511,0.23326131664653557
KO2610512,0.04577242432147801
KO2610513,0.5191356864695719
KO2610514,0.16243986026366553
KO2610515,0.0445593687252746
KO2610516,0.03436235307523177
KO2610517,0.21831327526848876
KO2610518,0.0703966344408011
KO2610519,0.04880815827492119
KO2610520,0.053531900545304975
KO2610521,0.27674121566635396
KO2610522,0.063591776190464
KO2610523,0.03643220824034368
KO2610524,0.15557861939036466
KO2610525,0.21064349102460328
KO2610526,0.30048563375130216
KO2610527,0.010225562424920896
KO2610528,0.05359385594075001
KO2610529,0.05712026960167011
KO2610530,0.11125513249765416
KO2610531,0.03403622915796992
KO2610532,0.021493456810611575
KO2610533,0.025085319547617484
KO2610534,0.025585233632057454
KO2610535,0.018725819861135994
KO2610536,0.04599665045827305
KO2610537,0.05007213620851878
KO2610538,0.06127512388635034
KO2610539,0.2835275290694313
KO2610540,0.3394464080047515
KO2610541,0.1294996487624881
KO2610542,0.08090352256004822
KO2610543,0.10280030904887705
KO2610544,0.10782014106544972
KO2610545,0.1264888204981198
KO2610546,0.05402803024714498
KO2610547,0.07875948826611212
KO2610548,0.017058656802776344
KO2610549,0.09690332233749513
KO2610550,0.0879586695751058
KO2610551,0.07387103318370242
KO2610552,0.10766237539542733
KO2610553,0.025445208596981257
KO2610554,0.10419805456948579
KO2610555,0.35329937641560205
KO2610556,0.28828676170177114
KO2610557,0.3150095061709235
KO2610558,0.0710538717871495
KO2610559,0.04902037209946679
KO2610560,0.014975316961984937
KO2610561,0.11430927633915047
KO2610562,0.06578206449562946
KO2610563,0.00659092813847555
KO2610564,0.04482014623776213
KO2610565,0.2427275751361585
KO2610566,0.01715414095049543
KO2610567,0.059710735702281546
KO2610568,0.019662607655276186
KO2610569,0.20073531663160088
KO2610570,0.031798968600698536
KO2610571,0.07677071964688575
KO2610572,0.02383196764568861
KO2610573,0.30560841423376
KO2610574,0.1889563970592795
KO2610575,0.31998736759034774
KO2610576,0.023767375296574567
KO2610577,0.11211254510690426
KO2610578,0.08157186684938142
KO2610579,0.06285594772312883
KO2610580,0.6240165860535808
KO2610581,0.13355962475856842
KO2610582,0.12090118238768151
KO2610583,0.09438314344094956
KO2610584,0.037284417442527244
KO2610585,0.08553773034832264
KO2610586,0.042457161428414714
KO2610587,0.1859257206737371
KO2610588,0.11536593527907515
KO2610589,0.043593842840632696
KO2610590,0.021199362115403436
KO2610591,0.014603400798190388
KO2610592,0.07333681394849338
KO2610593,0.2781800666741261
KO2610594,0.08255531346484528
KO2610595,0.022508275508890792
KO2610596,0.34961430599771154
KO2610597,0.011683352876706873
KO2610598,0.35442429545921617
KO2610599,0.09252443803213807
KO2610600,0.05784863905753184
KO2610601,0.05718567985158159
KO2610602,0.040488490464314415
KO2610603,0.10629591382693078
KO2610604,0.0602743756388227
KO2610605,0.024788628602126984
KO2610606,0.12344379005165415
KO2610607,0.110832852599263
KO2610608,0.03039725742857426
KO2610609,0.031106586952496063
KO2610610,0.22316422796034546
KO2610611,0.0955481127700741
KO2610612,0.3753735658518384
KO2610613,0.03393827413401534
KO2610614,0.10099153046349431
KO2610615,0.019672668387545465
KO2610616,0.16976396179354428
KO2610617,0.20082864557460592
KO2610618,0.05870269156748765
KO2610619,0.03368512501547464
KO2610620,0.08449807708523682
KO2610621,0.2780172142596658
KO2610622,0.09371743624437878
KO2610623,0.07374448560778617
KO2610624,0.0404307955850666
KO2610625,0.21797922694287508
KO2610626,0.07201147257170659
KO2610627,0.28604770135104857
KO2610628,0.28064158050106075
KO2610629,0.023488179285070097
KO2610630,0.07092243869327462
KO2610631,0.07007614435067494
KO2610632,0.32474326263206216
KO2610633,0.09438804559561065
KO2610634,0.2166027260950315
KO2610635,0.1403461233983111
KO2610636,0.006361578038018261
KO2610637,0.07825087354489546
KO2610638,0.07767140244452002
KO2610639,0.00926034110450258
KO2610640,0.18805113826219144
KO2610641,0.026237168515068538
KO2610642,0.06595933508695569
KO2610643,0.034494944916166774
KO2610644,0.0679946595747448
KO2610645,0.025734847449398517
KO2610646,0.0482863605386128
KO2610647,0.2677093113279219
KO2610648,0.09287036684499626
KO2610649,0.337858956042718
KO2610650,0.20373453748029657
KO2610651,0.0640496136321033
KO2610652,0.08599702866995558
KO2610653,0.051178318877232704
KO2610654,0.09405205157612992
KO2610655,0.010450537200838723
KO2610656,0.24778406661046296
KO2610657,0.029887540576915693
KO2610658,0.22814439674194592
KO2610659,0.28703922833631423
KO2610660,0.008674449193063573
KO2610661,0.10488116191707482
KO2610662,0.06047236614586727
KO2610663,0.06279689115613088
KO2610664,0.5704193642380626
KO2610665,0.2135335360373432
KO2610666,0.7193916268451763
KO2610667,0.16318313679554602
KO2610668,0.07224671622203814
KO2610669,0.07212569651570028
KO2610670,0.2267730058398076
KO2610671,0.06476946368453539
KO2610672,0.027478729259147086
KO2610673,0.1416740215151963
KO2610674,0.0822256718857667
KO2610675,0.04525197187865897
KO2610676,0.09595610280160269
KO2610677,0.036663474713692835
KO2610678,0.013882234864318815
KO2610679,0.4875217678843293
KO2610680,0.014443821154815406
KO2610681,0.02324716899516977
KO2610682,0.07882347404713105
KO2610683,0.03266314712146736
KO2610684,0.02909444388393041
KO2610685,0.16191119377860844
KO2610686,0.20229541005269874
KO2610687,0.027610360880669156
KO2610688,0.07983752098103103
KO2610689,0.14705299114051024
KO2610690,0.03019126933901993
KO2610691,0.135327789081011
KO2610692,0.09135665440952385
KO2610693,0.03854178051697381
KO2610694,0.06769479755990158
KO2610695,0.673073419908244
KO2610696,0.1188276432794371
KO2610697,0.1347317886380469
KO2610698,0.047209866195543904
KO2610699,0.03379389398327414
KO2610700,0.060088839965953766
KO2610701,0.0419320014437663
KO2610702,0.10784889035789944
KO2610703,0.11353731284970962
KO2610704,0.0398425328150576
KO2610705,0.8225403796780508
KO2610706,0.32990592546740527
KO2610707,0.05774326965498315
KO2610708,0.05792193461096187
KO2610709,0.06932053646953208
KO2610710,0.24815016514505764
KO2610711,0.153083374923598
KO2610712,0.4116009304767997
KO2610713,0.05427669872475589
KO2610714,0.20924805780281475
KO2610715,0.029620934598859498
KO2610716,0.054069775155441695
KO2610717,0.022751594546880586
KO2610718,0.06482231195748783
KO2610719,0.03538804947482929
KO2610720,0.11021297447294003
KO2610721,0.09897246482262935
KO2610722,0.07472886544451383
KO2610723,0.24991602755808637
KO2610724,0.021828421684155733
KO2610725,0.03329834682690652
KO2610726,0.088459331852
KO2610727,0.06797640246189404
KO2610728,0.28341305566851777
KO2610729,0.10849214120156882
KO2610730,0.04463579027255209
KO2610731,0.10133194938355808
KO2610732,0.03384301018892762
KO2610733,0.050606543277682416
KO2610734,0.15290896781964494
KO2610735,0.11181476306469225
KO2610736,0.09164164386827964
KO2610737,0.04268881306182165
KO2610738,0.034941462742924576
KO2610739,0.11088324164488514
KO2610740,0.0474683644645593
KO2610741,0.05734201730100576
KO2610742,0.06806840632178707
KO2610743,0.07777345870114363
KO2610744,0.05912511809381211
KO2610745,0.10610811818373407
KO2610746,0.1741825047775381
KO2610747,0.023112576895674454
KO2610748,0.37023580831325364
KO2610749,0.08259086029961045
KO2610750,0.07602419517511802
KO2610751,0.06615508774679855
KO2610752,0.020060723774025797
KO2610753,0.09870054474928734
KO2610754,0.0988977630155815
KO2610755,0.521110504241155
KO2610756,0.03674658659306003
KO2610757,0.19301829983001367
KO2610758,0.05468409040549731
KO2610759,0.0986283721065953
KO2610760,0.08012158250775132
KO2610761,0.199303802846631
KO2610762,0.19027686160645824
KO2610763,0.05188295552090282
KO2610764,0.009883806843512455
KO2610765,0.20747501968808588
KO2610766,0.11863171442240301
KO2610767,0.027015423755526076
KO2610768,0.030852977501844216
KO2610769,0.06437918442045787
KO2610770,0.037512274164071005
KO2610771,0.05511713876668543
KO2610772,0.5816824028802902
KO2610773,0.00911543837114502
KO2610774,0.1284245015222042
KO2610775,0.20989494450522858
KO2610776,0.03539544733165649
KO2610777,0.4316307464128953
KO2610778,0.09105635283006877
KO2610779,0.018733608631703758
KO2610780,0.012536287788023289
KO2610781,0.07568897665203254
KO2610782,0.3439182126598676
KO2610783,0.08287030026176716
KO2610784,0.020376452190874732
KO2610785,0.37505447256741126
KO2610786,0.0214886832981105
KO2610787,0.029986467285535046
KO2610788,0.035916477061771694
KO2610789,0.26780184388648626
KO2610790,0.7132777778918044
KO2610791,0.1476181152890724
KO2610792,0.02702062285327996
KO2610793,0.09472384905296323
KO2610794,0.03049290320898296
KO2610795,0.3049447208503155
KO2610796,0.0778113534151066
KO2610797,0.08015962049890409
KO2610798,0.01946988473713954
KO2610799,0.08337457928926853
KO2610800,0.167264036142892
KO2610801,0.1268721871734418
KO2610802,0.042817169398714376
KO2610803,0.09319579118574774
KO2610804,0.06224470568567014
KO2610805,0.0763510867016135
KO2610806,0.10989546372847114
KO2610807,0.025213552900133798
KO2610808,0.04485624061434538
KO2610809,0.05011173751959213
KO2610810,0.12331550243891205
KO2610811,0.09762005571347154
KO2610812,0.2143415661314589
KO2610813,0.014657481705662176
KO2610814,0.845793351023636
KO2610815,0.0656513841838512
KO2610816,0.012784128998737819
KO2610817,0.1818845860931677
KO2610818,0.42639963616404036
KO2610819,0.054641075596369736
KO2610820,0.08752230476009419
KO2610821,0.19632076027333842
KO2610822,0.0349629699276417
KO2610823,0.0602962976757404
KO2610824,0.009832746350814658
KO2610825,0.016919955512665372
KO2610826,0.05078893962298783
KO2610827,0.09931905440329429
KO2610828,0.08685676004802191
KO2610829,0.20365780057882113
KO2610830,0.09901779125290056
KO2610831,0.03784079303234558
KO2610832,0.051977935475445006
KO2610833,0.07915131847571215
KO2610834,0.05706506317546071
KO2610835,0.059703782094510466
KO2610836,0.05949270288531555
KO2610837,0.07434817560609935
KO2610838,0.1512964509371753
KO2610839,0.017944087243496765
KO2610840,0.04831371775066507
KO2610841,0.17302146985224603
KO2610842,0.09970057142933617
KO2610843,0.13191050215437986
KO2610844,0.05121532378838169
KO2610845,0.13514695419042294
KO2610846,0.16072278024659326
KO2610847,0.02415570665570645
KO2610848,0.01231747674783713
KO2610849,0.036587382048430275
KO2610850,0.02379333512654897
KO2610851,0.03386134055336212
KO2610852,0.06337895731519945
KO2610853,0.21989408559640916
KO2610854,0.29724168612571145
KO2610855,0.07578082091848068
KO2610856,0.06346640097228534
KO2610857,0.048244917957847654
KO2610858,0.6846531134305933
KO2610859,0.06813342828779588
KO2610860,0.7048304742080516
KO2610861,0.10802464690397054
KO2610862,0.07736542870306436
KO2610863,0.08176656792993434
KO2610864,0.09227781539609704
KO2610865,0.009041880313485913
KO2610866,0.06211561366780366
KO2610867,0.07693908193699035
KO2610868,0.22437368077064243
KO2610869,0.016574921555454203
KO2610870,0.039184128591378625
KO2610871,0.02194595349526772
KO2610872,0.024595253531232368
KO2610873,0.23209208432343492
KO2610874,0.3193110122658058
KO2610875,0.02867834665950446
KO2610876,0.20051257115596333
KO2610877,0.5378387641337458
KO2610878,0.035244687646996745
KO2610879,0.09321792535767032
KO2610880,0.03893806771169337
KO2610881,0.01909935500805051
KO2610882,0.05462874782276977
KO2610883,0.03979822909326897
KO2610884,0.02615252559589013
KO2610885,0.20558987592054884
KO2610886,0.16748591651081812
KO2610887,0.09039449761155693
KO2610888,0.058671556801769026
KO2610889,0.08413820724532463
KO2610890,0.20546320681996014
KO2610891,0.09988445629741663
KO2610892,0.20381239843096874
KO2610893,0.02656366440753925
KO2610894,0.07777803785351264
KO2610895,0.422396395533868
KO2610896,0.32341012285148724
KO2610897,0.16369366923755382
KO2610898,0.022137667323553146
KO2610899,0.37898184965280296
KO2610900,0.03581405891263866
KO2610901,0.028184555405051652
KO2610902,0.07935228725965875
KO2610903,0.012095695651497264
KO2610904,0.12768709688255678
KO2610905,0.10844577360877278
KO2610906,0.03215068678555271
KO2610907,0.317377035254222
KO2610908,0.06377443798705472
KO2610909,0.22166742373450815
KO2610910,0.12011598994108619
KO2610911,0.11297584902013658
KO2610912,0.10982769129527326
KO2610913,0.021609689940146233
KO2610914,0.02899090084689251
KO2610915,0.03883125459538646
KO2610916,0.0356849819448963
KO2610917,0.07484016762791408
KO2610918,0.08875677305247141
KO2610919,0.10550148800677124
KO2610920,0.033317844622795446
KO2610921,0.06971878586366152
KO2610922,0.024555871120132227
KO2610923,0.05351938916954671
KO2610924,0.03843955305886844
KO2610925,0.012551980522493789
KO2610926,0.18291905561899008
KO2610927,0.1888231899152258
KO2610928,0.07116675396953147
KO2610929,0.012169065195531343
KO2610930,0.006672513382978409
KO2610931,0.23234215942084577
KO2610932,0.01849411741433211
KO2610933,0.03287949237630737
KO2610934,0.022539936201890157
KO2610935,0.011180682165834116
KO2610936,0.0251547573703295
KO2610937,0.21256913760013305
KO2610938,0.013148319757517402
KO2610939,0.06558488899500105
KO2610940,0.17363714395026264
KO2610941,0.11884163344332213
KO2610942,0.026136261976228394
KO2610943,0.38110516879152706
KO2610944,0.47149092914424817
KO2610945,0.04597642090917996
KO2610946,0.04940166717245955
KO2610947,0.018395502191490002
KO2610948,0.2851187100667446
KO2610949,0.11601122968868532
KO2610950,0.018319139962542762
KO2610951,0.008832348920923976
KO2610952,0.11963547677495316
KO2610953,0.05030493466608833
KO2610954,0.20616137727974151
KO2610955,0.037609414311421625
KO2610956,0.243451449849408
KO2610957,0.012133466952428035
KO2610958,0.1035468420471721
KO2610959,0.20447963480132553
KO2610960,0.3784291371842956
KO2610961,0.030147839585224517
KO2610962,0.12752989386925598
KO2610963,0.045641663692556664
KO2610964,0.07232974884952309
KO2610965,0.036167872937447824
KO2610966,0.08800283852825574
KO2610967,0.07342412729106958
KO2610968,0.16015921609759584
KO2610969,0.22336421384164423
KO2610970,0.5264373380235517
KO2610971,0.022787522691722233
KO2610972,0.06872929454441137
KO2610973,0.12816352025493544
KO2610974,0.014076991894704129
KO2610975,0.08427741288584872
KO2610976,0.03765928942719968
KO2610977,0.08373053448007425
KO2610978,0.8583190317734477
KO2610979,0.069742433626895
KO2610980,0.01944646607120066
KO2610981,0.06811015979519439
KO2610982,0.021238186761127317
KO2610983,0.1484773996009974
KO2610984,0.012406440723774441
KO2610985,0.03246703543208088
KO2610986,0.03538396453338033
KO2610987,0.10655456669339927
KO2610988,0.011045698791133873
KO2610989,0.022760514385937087
KO2610990,0.08643454149118474
KO2610991,0.03937408299340395
KO2610992,0.013253722196655118
KO2610993,0.036827238714378874
KO2610994,0.1767641043448555
KO2610995,0.07081829364733658
KO2610996,0.042241660708946645
KO2610997,0.14800162090289604
KO2610998,0.12138912445719141
KO2610999,0.014253275961031292
KO2611000,0.09934150454454027
KO2611001,0.009955343805609165
KO2611002,0.013433806718977858
KO2611003,0.28979374885348413
KO2611004,0.05518661219597409
KO2611005,0.02623142572275486
KO2611006,0.05542754651233806
KO2611007,0.01496860152121245
KO2611008,0.35150869581896144
KO2611009,0.048308398825158506
KO2611010,0.027518097946638228
KO2611011,0.03067423897559164
KO2611012,0.09264373162355609
KO2611013,0.20349851999949123
KO2611014,0.048694518355066746
KO2611015,0.07141745934787334
KO2611016,0.06508177225647191
KO2611017,0.032527440174537764
KO2611018,0.7772511596860775
KO2611019,0.18616959303590502
KO2611020,0.036254834191679075
KO2611021,0.046406318777792964
KO2611022,0.03454024184072964
KO2611023,0.20268800757577132
KO2611024,0.17993442730415507
KO2611025,0.09035692289472276
KO2611026,0.11426604524184433
KO2611027,0.01515937486987612
KO2611028,0.05984216143994612
KO2611029,0.15317509090990053
KO2611030,0.1640787982902385
KO2611031,0.02403624225655443
KO2611032,0.012274168080817573
KO2611033,0.41640302684416475
KO2611034,0.02417057741392479
KO2611035,0.0691078416414053
KO2611036,0.21164474531519528
KO2611037,0.11144766638735029
KO2611038,0.0659133917478369
KO2611039,0.03995118117437208
KO2611040,0.20029668421038122
KO2611041,0.20373137951507114
KO2611042,0.07912355696070082
KO2611043,0.12978985270524476
KO2611044,0.019402091582429084
KO2611045,0.035254709834901136
KO2611046,0.37472410537246975
KO2611047,0.04896375580178332
KO2611048,0.03982201048461584
KO2611049,0.019601065148296792
KO2611050,0.034762276440145796
KO2611051,0.05047140098230489
KO2611052,0.07480955034967363
KO2611053,0.3477186448261899
KO2611054,0.1392924116123398
KO2611055,0.05175728430520689
KO2611056,0.12465974864025259
KO2611057,0.05639589339609606
KO2611058,0.24312835771770772
KO2611059,0.13353514377961792
KO2611060,0.036598666280328124
KO2611061,0.01631168075638245
KO2611062,0.04859507016029054
KO2611063,0.08979683795023796
KO2611064,0.04538869036377479
KO2611065,0.07390862887202525
KO2611066,0.19631124890179752
KO2611067,0.19272300447543766
KO2611068,0.2596205949826712
KO2611069,0.032360893989677605
KO2611070,0.33175700350420195
KO2611071,0.8455494094716235
KO2611072,0.5829709310531139
KO2611073,0.037070196534852294
KO2611074,0.03679025838835604
KO2611075,0.7773487449942108
KO2611076,0.03257147016828103
KO2611077,0.047418753242705586
KO2611078,0.34547885939544615
KO2611079,0.06913533869582737
KO2611080,0.011252806388980014
KO2611081,0.11427247817792352
KO2611082,0.08606859776987535
KO2611083,0.11132150622317301
KO2611084,0.11538133229780527
KO2611085,0.21566170925513875
KO2611086,0.07138929968065866
KO2611087,0.2921067879061067
KO2611088,0.05364399903701822
KO2611089,0.07401272679081533
KO2611090,0.0388007472684142
KO2611091,0.04091326898345932
KO2611092,0.09455427087811334
KO2611093,0.07390393720475191
KO2611094,0.08620730294930987
KO2611095,0.01571487956591846
KO2611096,0.05803051965771181
KO2611097,0.017444365706720085
KO2611098,0.028558538289826043
KO2611099,0.08142340494049695
KO2611100,0.04513119696690557
KO2611101,0.11185395192315659
KO2611102,0.05337173299421265
KO2611103,0.039482611222529586
KO2611104,0.014707312233646288
KO2611105,0.01229161047214912
KO2611106,0.2876114251345023
KO2611107,0.030742882500504207
KO2611108,0.1019520245328198
KO2611109,0.051511108288270456
KO2611110,0.13939747835609728
KO2611111,0.3889840612790738
KO2611112,0.036904402758692806
KO2611113,0.07825893669362098
KO2611114,0.021093906442954568
KO2611115,0.04367374137112132
KO2611116,0.1230766228475085
KO2611117,0.1221933840931336
KO2611118,0.12358255769354458
KO2611119,0.04176530567528001
KO2611120,0.07020688340036284
KO2611121,0.10759918701081644
KO2611122,0.1893981947946531
KO2611123,0.030202691881358098
KO2611124,0.08385912901071088
KO2611125,0.07253428387115292
KO2611126,0.2682815376934517
KO2611127,0.09853711034898217
KO2611128,0.019637869525816778
KO2611129,0.01753553369037303
KO2611130,0.04190927583637013
KO2611131,0.046520420509589655
KO2611132,0.09884027745904371
KO2611133,0.14111637185944295
KO2611134,0.07942097543410803
KO2611135,0.03161412973412261
KO2611136,0.03780045656080755
KO2611137,0.02191749338958961
KO2611138,0.01740956045930292
KO2611139,0.23380156186196055
KO2611140,0.11580893590665503
KO2611141,0.0841146983558149
KO2611142,0.03218890798310414
KO2611143,0.46550803009830366
KO2611144,0.15742074015265514
KO2611145,0.18929532881302494
KO2611146,0.029765873269787843
KO2611147,0.07032015988637987
KO2611148,0.09361068948331164
KO2611149,0.04246688775939941
KO2611150,0.21881145494340815
KO2611151,0.26425061807648226
KO2611152,0.07036198757882244
KO2611153,0.06463760766185236
KO2611154,0.03718388043784048
KO2611155,0.031020147125455484
KO2611156,0.09082105330533233
KO2611157,0.01958161101693404
KO2611158,0.025023297523903948
KO2611159,0.13304866557288636
KO2611160,0.03869304286254135
KO2611161,0.036645145642182145
KO2611162,0.1534306880255203
KO2611163,0.0845964021679656
KO2611164,0.2623962004739829
KO2611165,0.03337245024816752
KO2611166,0.05724721359187662
KO2611167,0.022571462844263566
KO2611168,0.5310658496341223
KO2611169,0.11940113048094846
KO2611170,0.1622727595825116
KO2611171,0.014371992992185471
KO2611172,0.0786049327940135
KO2611173,0.017018763575180715
KO2611174,0.09977153257330308
KO2611175,0.13985671940986033
KO2611176,0.1409724910809533
KO2611177,0.1494699549727888
KO2611178,0.09234880659781981
KO2611179,0.04663711290078299
KO2611180,0.15268648857226594
KO2611181,0.07534611891273442
KO2611182,0.052306349235617305
KO2611183,0.014378802365213168
KO2611184,0.25585301712591374
KO2611185,0.10179687197628651
KO2611186,0.25289425839527335
KO2611187,0.688990158603608
KO2611188,0.04813989397221929
KO2611189,0.0366266884125069
KO2611190,0.01619666067583418
KO2611191,0.024267818270207464
KO2611192,0.0344457595321062
KO2611193,0.17370152032827108
KO2611194,0.0248784517060724
KO2611195,0.014283697901832398
KO2611196,0.05731412878505704
KO2611197,0.06154539899637911
KO2611198,0.09900361036729943
KO2611199,0.35415109227255254
KO2611200,0.10777201489955439
KO2611201,0.15244495892086662
KO2611202,0.3998010033312221
KO2611203,0.12702129099552664
KO2611204,0.1017903610313023
KO2611205,0.061764825542512496
KO2611206,0.04896931511639342
KO2611207,0.14562952788176262
KO2611208,0.1543968875507326
KO2611209,0.07094074042069463
KO2611210,0.6401366000144605
KO2611211,0.09870334041463352
KO2611212,0.10045371341731162
KO2611213,0.5996381356266102
KO2611214,0.0810174989793225
KO2611215,0.02141235494817742
KO2611216,0.1136966240520517
KO2611217,0.2839243909507796
KO2611218,0.040190356000734284
KO2611219,0.034358645419654235
KO2611220,0.10747300097586585
KO2611221,0.015662930487174685
KO2611222,0.049515594614273975
KO2611223,0.9697344729650281
KO2611224,0.12450627981529476
KO2611225,0.30667500915051504
KO2611226,0.022436392800781264
KO2611227,0.03057803860105478
KO2611228,0.055650590393787724
KO2611229,0.040223549623980684
KO2611230,0.026831612388603213
KO2611231,0.03015994358607059
KO2611232,0.09042108639575303
KO2611233,0.10022708368391946
KO2611234,0.14435472724527013
KO2611235,0.09306196713237455
KO2611236,0.2222834603923501
KO2611237,0.01586829004091757
KO2611238,0.03908259972690692
KO2611239,0.13874673176450963
KO2611240,0.06286673851475164
KO2611241,0.06209832876188591
KO2611242,0.16018340093278613
KO2611243,0.1717029415025495
KO2611244,0.06562148252978658
KO2611245,0.05098334720525832
KO2611246,0.05916660993987469
KO2611247,0.27757879454269097
KO2611248,0.4172768004946276
KO2611249,0.010373498790595717
KO2611250,0.06580700033002389
KO2611251,0.1999567162616311
KO2611252,0.02644115871775275
KO2611253,0.15642370398212482
KO2611254,0.02926258729043835
KO2611255,0.06818456747167194
KO2611256,0.010096950527495083
KO2611257,0.057085157154889994
KO2611258,0.058743903308933254
KO2611259,0.149914750654728
KO2611260,0.10551997506359549
KO2611261,0.2443132168441415
KO2611262,0.2310403905075416
KO2611263,0.06854054493217131
KO2611264,0.02942965915393547
KO2611265,0.18753207220063578
KO2611266,0.19431773650944123
KO2611267,0.33223819809215616
KO2611268,0.03839307113485579
KO2611269,0.07907407271720673
KO2611270,0.11506132175589953
KO2611271,0.01977815640072035
KO2611272,0.05735173114912214
KO2611273,0.02644775233743163
KO2611274,0.24605732705651023
KO2611275,0.02124030979587286
KO2611276,0.08316195620930981
KO2611277,0.551590769460034
KO2611278,0.02078059671810551
KO2611279,0.05088933133254352
KO2611280,0.16697201858360255
KO2611281,0.07373820500132143
KO2611282,0.13270717048016872
KO2611283,0.09760862572189341
KO2611284,0.08586738398416942
KO2611285,0.16025386552714466
KO2611286,0.14862802431445754
KO2611287,0.08299246244009459
KO2611288,0.049760030360610996
KO2611289,0.07480967314590373
KO2611290,0.020319458742115187
KO2611291,0.024263952374615518
KO2611292,0.2895766680504691
KO2611293,0.17794462426969476
KO2611294,0.05813427654500395
KO2611295,0.3723284937940684
KO2611296,0.03838152984892833
KO2611297,0.17241346749439387
KO2611298,0.18576353513331464
KO2611299,0.041393664206627254
KO2611300,0.12935918652045944
KO2611301,0.023263305396599987
KO2611302,0.02610183249479514
KO2611303,0.05400967121770635
KO2611304,0.043654033200325584
KO2611305,0.037723995648792544
KO2611306,0.05510508101089504
KO2611307,0.43998824947418846
KO2611308,0.06808744826131541
KO2611309,0.13717192170171705
KO2611310,0.031903587777116584
KO2611311,0.11843397831874898
KO2611312,0.04157065957610239
KO2611313,0.04192985488832744
KO2611314,0.026726893051565767
KO2611315,0.1966572903746202
KO2611316,0.05931892763431932
KO2611317,0.11385384883476604
KO2611318,0.051639197729228176
KO2611319,0.07786868759455173
KO2611320,0.16988629591078508
KO2611321,0.0581283296769054
KO2611322,0.14695798641379185
KO2611323,0.022468389845084608
KO2611324,0.7142587282084879
KO2611325,0.03325860629114158
KO2611326,0.06827604737861524
KO2611327,0.25977597424798965
KO2611328,0.017378154895658648
KO2611329,0.2496309828609125
KO2611330,0.014794990386510989
KO2611331,0.1933668391913002
KO2611332,0.02235202083149275
KO2611333,0.4082745575758802
KO2611334,0.05187877940166934
KO2611335,0.03217538662272886
KO2611336,0.0990958420913726
KO2611337,0.021024534834988895
KO2611338,0.03593561593407877
KO2611339,0.05727080973903231
KO2611340,0.16333162268695642
KO2611341,0.035954737036946224
KO2611342,0.10804403880161592
KO2611343,0.0350547568910453
KO2611344,0.13701631705457015
KO2611345,0.03554905827108551
KO2611346,0.2442923034687394
KO2611347,0.03654511448499876
KO2611348,0.7562538697849929
KO2611349,0.27483962384679705
KO2611350,0.06032421287226834
KO2611351,0.036687528372505496
KO2611352,0.11948631080497037
KO2611353,0.020360214977480594
KO2611354,0.07383461940123114
KO2611355,0.08232489441547529
KO2611356,0.100799584329806
KO2611357,0.15710505582859643
KO2611358,0.012666787606687905
KO2611359,0.06670771482563359
KO2611360,0.08367903223995968
KO2611361,0.06920227611188248
KO2611362,0.08460459009236862
KO2611363,0.03615271744051929
KO2611364,0.04800961446496559
KO2611365,0.07963837503763607
KO2611366,0.029310574222989997
KO2611367,0.4203727992572853
KO2611368,0.05767948607081044
KO2611369,0.007518281346475378
KO2611370,0.047175016019648526
KO2611371,0.0660026980108396
KO2611372,0.48265115224427346
KO2611373,0.013842153923359626
KO2611374,0.016980871642696682
KO2611375,0.13186636554637787
KO2611376,0.10528080752364762
KO2611377,0.0297821503813481
KO2611378,0.1366212191703864
KO2611379,0.2084898035829782
KO2611380,0.05068195121827828
KO2611381,0.08107718728760473
KO2611382,0.20695139266315318
KO2611383,0.022131873792471595
KO2611384,0.08387449551894806
KO2611385,0.0391457009311482
KO2611386,0.20130770985242386
KO2611387,0.22004101129272557
KO2611388,0.0614679257065343
KO2611389,0.24682671208223403
KO2611390,0.033459920492026285
KO2611391,0.042058618051414025
KO2611392,0.03014644368504784
KO2611393,0.06253189712412145
KO2611394,0.14000954979501604
KO2611395,0.027496744232504457
KO2611396,0.1585595670061473
KO2611397,0.08966908683144967
KO2611398,0.39993601326358835
KO2611399,0.24173483088622844
KO2611400,0.033223555222437466
KO2611401,0.06951131394800067
KO2611402,0.49732475193347087
KO2611403,0.10414842318988093
KO2611404,0.04567149524031557
KO2611405,0.012068454351874787
KO2611406,0.04544244437739739
KO2611407,0.031592325267064805
KO2611408,0.06501131533585627
KO2611409,0.041477015703579985
KO2611410,0.039413538937942486
KO2611411,0.03430229368741668
KO2611412,0.22967371985970975
KO2611413,0.05913489099567091
KO2611414,0.1285726663931881
KO2611415,0.10673042005305382
KO2611416,0.025235826178035468
KO2611417,0.045102039179176316
KO2611418,0.07994490642122315
KO2611419,0.05940947882641796
KO2611420,0.25035919967763226
KO2611421,0.056125813964336364
KO2611422,0.014357129657023293
KO2611423,0.05510006358587504
KO2611424,0.025611602323853285
KO2611425,0.06967907551517405
KO2611426,0.03826363061976082
KO2611427,0.0419529552622125
KO2611428,0.07830738909381685
KO2611429,0.038772718976996204
KO2611430,0.014499163292776325
KO2611431,0.06261620358266894
KO2611432,0.08458366223203163
KO2611433,0.45954991211635066
KO2611434,0.0483588986240544
KO2611435,0.10659208401004129
KO2611436,0.011900438696181402
KO2611437,0.01720194226973225
KO2611438,0.010360560017448952
KO2611439,0.2989835385074171
KO2611440,0.07562160777470614
KO2611441,0.027984342928935108
KO2611442,0.08520993912353883
KO2611443,0.01742022065481394
KO2611444,0.1178386140301026
KO2611445,0.12176344596752682
KO2611446,0.049538112248603806
KO2611447,0.12978114118214992
KO2611448,0.042805767043555716
KO2611449,0.011860482875816702
KO2611450,0.0284284259730472
KO2611451,0.11164889607742871
KO2611452,0.10851541046603953
KO2611453,0.4478617044084428
KO2611454,0.08618072718356046
KO2611455,0.12530682360078577
KO2611456,0.04853750760240163
KO2611457,0.03684882829322898
KO2611458,0.04163070703783534
KO2611459,0.07566679756511477
KO2611460,0.12811274265718256
KO2611461,0.037407169473492645
KO2611462,0.04228496430538932
KO2611463,0.010499847233988559
KO2611464,0.04808083540522056
KO2611465,0.028789441350032283
KO2611466,0.08186181747499996
KO2611467,0.09655270029494985
KO2611468,0.03960028059151792
KO2611469,0.07440227745090643
KO2611470,0.14446513336443237
KO2611471,0.31359114932744836
KO2611472,0.2438384921865105
KO2611473,0.17678375525315157
KO2611474,0.02511375353501817
KO2611475,0.03122563164677132
KO2611476,0.05903252780589337
KO2611477,0.022687098047591156
KO2611478,0.037860281571724955
KO2611479,0.046523558122853886
KO2611480,0.046478319512247054
KO2611481,0.029155597966077643
KO2611482,0.05256991740565611
KO2611483,0.051549822867770566
KO2611484,0.029918685289880502
KO2611485,0.053872386768860775
KO2611486,0.14920587161618618
KO2611487,0.03262814512199059
KO2611488,0.13190044313796953
KO2611489,0.13097151791415415
KO2611490,0.11222965044921596
KO2611491,0.16183001350137216
KO2611492,0.11619463543146041
KO2611493,0.026422603800073413
KO2611494,0.5451408795393864
KO2611495,0.07934565847471706
KO2611496,0.037308514871970254
KO2611497,0.08433384564496031
KO2611498,0.09965039937973987
KO2611499,0.21304188277368255
KO2611500,0.04580891512943762
KO2611501,0.019265834927530822
KO2611502,0.0397906656541556
KO2611503,0.17495255547029542
KO2611504,0.04567492482920151
KO2611505,0.19277380505039984
KO2611506,0.01403661722078425
KO2611507,0.09289462790959076
KO2611508,0.029699329932761722
KO2611509,0.10446760612570169
KO2611510,0.1256052757214943
KO2611511,0.23766840272833203
KO2611512,0.19913745079078776
KO2611513,0.09303604187695767
KO2611514,0.05176826364330117
KO2611515,0.05277701215084369
KO2611516,0.02123859832956608
KO2611517,0.04833166103612727
KO2611518,0.02413001570279437
KO2611519,0.09107886723060847
KO2611520,0.24478175432037558
KO2611521,0.01599994446350092
KO2611522,0.033019380048302155
KO2611523,0.16746040709518778
KO2611524,0.09124775501012632
KO2611525,0.02697277677257803
KO2611526,0.06963375212983253
KO2611527,0.017208521530345685
KO2611528,0.20122653361514806
KO2611529,0.014731719261074503
KO2611530,0.05521492484627473
KO2611531,0.11596668817284402
KO2611532,0.014337892103358127
KO2611533,0.018860204666565367
KO2611534,0.06810905077014862
KO2611535,0.14894523146820793
KO2611536,0.09242039311548607
KO2611537,0.040007288923808844
KO2611538,0.07053516372750754
KO2611539,0.054708223605767554
KO2611540,0.95558203626389
KO2611541,0.03191497911197569
KO2611542,0.14255566479854162
KO2611543,0.07331578271011394
KO2611544,0.03026878862861607
KO2611545,0.01583283070498211
KO2611546,0.03850595529906622
KO2611547,0.01519724383205555
KO2611548,0.042408815470608846
KO2611549,0.10436569361437836
KO2611550,0.03261759008206772
KO2611551,0.032342862645314725
KO2611552,0.013257026375512813
KO2611553,0.025152537498366247
KO2611554,0.05457538456317616
KO2611555,0.08886555119657323
KO2611556,0.0294661882661811
KO2611557,0.22646091654410633
KO2611558,0.025677302218506854
KO2611559,0.8638960865045612
KO2611560,0.0707889910373082
KO2611561,0.3190586136469001
KO2611562,0.03143203982978227
KO2611563,0.45725984431251676
KO2611564,0.03989466641044958
KO2611565,0.0408082826900944
KO2611566,0.015048644399161456
KO2611567,0.3073709607916718
KO2611568,0.0481897472200848
KO2611569,0.11299368710347255
KO2611570,0.0883454751896491
KO2611571,0.02180519572419418
KO2611572,0.1941897458046345
KO2611573,0.05214181799769313
KO2611574,0.06658718838236931
KO2611575,0.02761842140092961
KO2611576,0.27923220898986784
KO2611577,0.08413033513638252
KO2611578,0.6161858486039358
KO2611579,0.031747183454478065
KO2611580,0.48815761107441324
KO2611581,0.034048964375878635
KO2611582,0.01633006977743765
KO2611583,0.08040908537230844
KO2611584,0.15987798078491816
KO2611585,0.1485368466022435
KO2611586,0.10821809528598983
KO2611587,0.04907460102243659
KO2611588,0.02286833067850576
KO2611589,0.5159525575110852
KO2611590,0.023233335122533838
KO2611591,0.09030547026183723
KO2611592,0.09760929993510574
KO2611593,0.6861560407563135
KO2611594,0.13915360184544023
KO2611595,0.03822266500342868
KO2611596,0.18144420792599109
KO2611597,0.029154355609364937
KO2611598,0.13356813081796878
KO2611599,0.07757507670915662
KO2611600,0.06983916413264069
KO2611601,0.12159975922534622
KO2611602,0.053869259024685735
KO2611603,0.01925779585946421
KO2611604,0.09462040104574906
KO2611605,0.02368215176508416
KO2611606,0.03519244025029502
KO2611607,0.13535914938961568
KO2611608,0.0609956177604751
KO2611609,0.23254980643392073
KO2611610,0.09090922931768078
KO2611611,0.1468217165896272
KO2611612,0.15798306928530728
KO2611613,0.19333565902310412
KO2611614,0.0885525746177213
KO2611615,0.16908890773088178
KO2611616,0.046440232726165424
KO2611617,0.05816932292049769
KO2611618,0.014327675897380304
KO2611619,0.0368414322442558
KO2611620,0.08252063109260925
KO2611621,0.013483069594468317
KO2611622,0.5119307000468574
KO2611623,0.010300524025479148
KO2611624,0.1497468643912326
KO2611625,0.04465075317430298
KO2611626,0.043316950206247956
KO2611627,0.04461641030254992
KO2611628,0.09042493532073546
KO2611629,0.01973191256952828
KO2611630,0.05457815829348457
KO2611631,0.02238662274560243
KO2611632,0.4270718395289309
KO2611633,0.027495292332827305
KO2611634,0.016487675537535534
KO2611635,0.04179076841261597
KO2611636,0.0785880434379991
KO2611637,0.205585518448797
KO2611638,0.1029319492453658
KO2611639,0.049172952250589444
KO2611640,0.18574851363304876
KO2611641,0.0361145770936287
KO2611642,0.23835668679970068
KO2611643,0.7697429638022036
KO2611644,0.019333177074067547
KO2611645,0.5551344949594236
KO2611646,0.06251726505348028
KO2611647,0.059372928211105375
KO2611648,0.03779467519719584
KO2611649,0.28870375478043386
KO2611650,0.04056736653321324
KO2611651,0.12349456146915191
KO2611652,0.0825337093431717
KO2611653,0.42204058479529044
KO2611654,0.12039727541294998
KO2611655,0.14726608474312453
KO2611656,0.16439589175431635
KO2611657,0.022520757122112926
KO2611658,0.07713740440259285
KO2611659,0.05167777768213101
KO2611660,0.028039847078277898
KO2611661,0.016958513087055076
KO2611662,0.03575230835902936
KO2611663,0.1806995104685929
KO2611664,0.3557111584639451
KO2611665,0.2726232845337604
KO2611666,0.14302610271408822
KO2611667,0.013411271466229831
KO2611668,0.023972213340512156
KO2611669,0.07268356373454415
KO2611670,0.18050034700242518
KO2611671,0.07657424730575325
KO2611672,0.03895555383312806
KO2611673,0.04170964533287186
KO2611674,0.5069089891490721
KO2611675,0.26797501598876844
KO2611676,0.05654213443653293
KO2611677,0.33852908189692976
KO2611678,0.20190554734917843
KO2611679,0.06477860891992021
KO2611680,0.035489194190393036
KO2611681,0.1957708805711339
KO2611682,0.03317061306807327
KO2611683,0.761591775419898
KO2611684,0.10748123023586272
KO2611685,0.016036305992503642
KO2611686,0.22829334443210578
KO2611687,0.04857108304667397
KO2611688,0.06721075797769471
KO2611689,0.12216655049512297
KO2611690,0.03075245911267472
KO2611691,0.1572511595474015
KO2611692,0.039404129979124215
KO2611693,0.03981313002517949
KO2611694,0.7677897813974132
KO2611695,0.12991967390191272
KO2611696,0.672248473425824
KO2611697,0.10614415188497299
KO2611698,0.037185212695845835
KO2611699,0.0847578831222787
KO2611700,0.15585047420346823
KO2611701,0.02412380726926209
KO2611702,0.12690892488150762
KO2611703,0.09902259356941571
KO2611704,0.02058793558148893
KO2611705,0.0660842545525419
KO2611706,0.18460679839221927
KO2611707,0.029347096660930553
KO2611708,0.1710782693440408
KO2611709,0.08008844833840432
KO2611710,0.09370401820152402
KO2611711,0.11512334609977276
KO2611712,0.07353846578835017
KO2611713,0.011838987286719865
KO2611714,0.10662684835404952
KO2611715,0.01702262834468852
KO2611716,0.04619416770304785
KO2611717,0.1821242305386571
KO2611718,0.15734908212145476
KO2611719,0.021741505901583073
KO2611720,0.15819971404107638
KO2611721,0.10126725803138982
KO2611722,0.31042869869377104
KO2611723,0.018839666196083377
KO2611724,0.025472546049602845
KO2611725,0.032950551781254354
KO2611726,0.03152186939229528
KO2611727,0.04908424888511295
KO2611728,0.06785061447693179
KO2611729,0.0297148252137933
KO2611730,0.06128270062812549
KO2611731,0.17172871035551943
KO2611732,0.13043239105071547
KO2611733,0.10447136163233547
KO2611734,0.08108762160165212
KO2611735,0.04824847052000379
KO2611736,0.4502701881295544
KO2611737,0.0745927337796071
KO2611738,0.04553731935842088
KO2611739,0.027823685452098627
KO2611740,0.23702791158241304
KO2611741,0.12825823639563003
KO2611742,0.019867715004058362
KO2611743,0.06776239426354878
KO2611744,0.040569431893134784
KO2611745,0.052911239535413226
KO2611746,0.11771118660259476
KO2611747,0.0925187320076565
KO2611748,0.05164293303320604
KO2611749,0.11727665465458924
KO2611750,0.02192032225333375
KO2611751,0.04989269787040069
KO2611752,0.10308806295981261
KO2611753,0.0632014076697272
KO2611754,0.08234242638014734
KO2611755,0.015175552931943179
KO2611756,0.1219915136169366
KO2611757,0.05501840530511113
KO2611758,0.136796589255194
KO2611759,0.037843798662689325
KO2611760,0.15835985008275247
KO2611761,0.3437097844774196
KO2611762,0.10492240177041391
KO2611763,0.03359081504088096
KO2611764,0.104139074587635
KO2611765,0.2938627272667178
KO2611766,0.02250255314836363
KO2611767,0.07665497393799181
KO2611768,0.31309275045918483
KO2611769,0.08193427308921804
KO2611770,0.37136082951902316
KO2611771,0.02699843707282483
KO2611772,0.03530371205735521
KO2611773,0.03166344823970401
KO2611774,0.10414172946892022
KO2611775,0.09957389016727192
KO2611776,0.08995992132873759
KO2611777,0.1206200312234059
KO2611778,0.0251584593883148
KO2611779,0.08730445459544607
KO2611780,0.026736039782619226
KO2611781,0.11776789194652401
KO2611782,0.05849158806490448
KO2611783,0.11387007966123638
KO2611784,0.43231081323961373
KO2611785,0.05200424314626955
KO2611786,0.03160207325114181
KO2611787,0.011815560027301211
KO2611788,0.03725943421827077
KO2611789,0.0780003044373603
KO2611790,0.3217199298120632
KO2611791,0.100098587236156
KO2611792,0.03703624075312475
KO2611793,0.0783340256651493
KO2611794,0.32805659840206486
KO2611795,0.1746456290441121
KO2611796,0.07055847973695997
KO2611797,0.037873976531495705
KO2611798,0.128302400297474
KO2611799,0.433247179407746
KO2611800,0.17009488447606436
KO2611801,0.0287999322722232
KO2611802,0.11661521202235758
KO2611803,0.09616003634661659
KO2611804,0.1851893841559381
KO2611805,0.043602524545636095
KO2611806,0.02240639896593718
KO2611807,0.04170928681108324
KO2611808,0.020058915857546433
KO2611809,0.10318767511682067
KO2611810,0.02918463043217603
KO2611811,0.12627728607429203
KO2611812,0.1411196862420699
KO2611813,0.02503427281226269
KO2611814,0.011654419754328162
KO2611815,0.07327132724170402
KO2611816,0.07635316863021763
KO2611817,0.05556175405807358
KO2611818,0.11962623827928805
KO2611819,0.299112591502056
KO2611820,0.24512733749536703
KO2611821,0.032548472600211195
KO2611822,0.07121552576218357
KO2611823,0.015368530846975214
KO2611824,0.2690638888069801
KO2611825,0.14033949786741332
KO2611826,0.05110259300838668
KO2611827,0.06213483125546227
KO2611828,0.19415721583573817
KO2611829,0.07787020422952314
KO2611830,0.14948983558249493
KO2611831,0.08708700148485546
KO2611832,0.018973224687715645
KO2611833,0.10759017774290142
KO2611834,0.16370046636308594
KO2611835,0.01660201665333586
KO2611836,0.1521683735218682
KO2611837,0.08740904675503965
KO2611838,0.18781670265645534
KO2611839,0.5118058267661357
KO2611840,0.11481786789858682
KO2611841,0.12893865421083026
KO2611842,0.0841584940447036
KO2611843,0.1298667899543708
KO2611844,0.22305473215646546
KO2611845,0.05965502618661059
KO2611846,0.012831830727153607
KO2611847,0.07794645115385515
KO2611848,0.44663023931813406
KO2611849,0.1388741354090187
KO2611850,0.0322309452881551
KO2611851,0.059032478901745004
KO2611852,0.020160233723017423
KO2611853,0.037246214049973594
KO2611854,0.06978457480149568
KO2611855,0.13883038407338705
KO2611856,0.14678352514656387
KO2611857,0.1436058711720572
KO2611858,0.10477510137127719
KO2611859,0.04223635441266174
KO2611860,0.08019890229015307
KO2611861,0.21065525071878874
KO2611862,0.0795561638271884
KO2611863,0.04527419969210554
KO2611864,0.039452910030887835
KO2611865,0.2468329856329514
KO2611866,0.1129141864593924
KO2611867,0.027566556725320348
KO2611868,0.028186959918042577
KO2611869,0.05694210783136902
KO2611870,0.019763204107611617
KO2611871,0.0468242220758599
KO2611872,0.030055235937256647
KO2611873,0.05677079031999421
KO2611874,0.013965848772942137
KO2611875,0.10280420865447289
KO2611876,0.19798722620831402
KO2611877,0.038080540831039685
KO2611878,0.011916593567633043
KO2611879,0.008925809162597704
KO2611880,0.027126485245621612
KO2611881,0.22698263385810685
KO2611882,0.45259759065347643
KO2611883,0.24724699533008915
KO2611884,0.038429568324395855
KO2611885,0.16149180419154108
KO2611886,0.04812322602854102
KO2611887,0.035332035083768136
KO2611888,0.030152132450956225
KO2611889,0.01663088081764848
KO2611890,0.2947315929892318
KO2611891,0.3391849374071107
KO2611892,0.09426374568434882
KO2611893,0.0836836318652802
KO2611894,0.07438652290204044
KO2611895,0.09484927759638102
KO2611896,0.04251885677320231
KO2611897,0.11889551384389024
KO2611898,0.024771785482212774
KO2611899,0.03195400212542957
KO2611900,0.030160162807947838
KO2611901,0.17278965472860275
KO2611902,0.19205186001966654
KO2611903,0.49379330841943203
KO2611904,0.17479696791641486
KO2611905,0.024644166724429817
KO2611906,0.1221232490320797
KO2611907,0.08731223154664164
KO2611908,0.12854855741208002
KO2611909,0.9224269585362554
KO2611910,0.061015369451688665
KO2611911,0.0383483518335096
KO2611912,0.016820178797778747
KO2611913,0.05625891550456097
KO2611914,0.5067872302335702
KO2611915,0.024600492430004853
KO2611916,0.05881251067758716
KO2611917,0.039468210262112356
KO2611918,0.030369919789062394
KO2611919,0.14015057436120423
KO2611920,0.09321522116052668
KO2611921,0.01255770529600365
KO2611922,0.11102669363054475
KO2611923,0.06008951914897075
KO2611924,0.38220306022280087
KO2611925,0.043760915030349797
KO2611926,0.3150382413408078
KO2611927,0.1045568876028355
KO2611928,0.06372234441393171
KO2611929,0.22701944374107708
KO2611930,0.03146589005527922
KO2611931,0.016923169865179284
KO2611932,0.11970284318290936
KO2611933,0.020973579782132615
KO2611934,0.05488901429605497
KO2611935,0.27910376506533613
KO2611936,0.12587454744307708
KO2611937,0.07282606488006296
KO2611938,0.11590995493625057
KO2611939,0.020007934167008697
KO2611940,0.11314870046824005
KO2611941,0.035227059025961835
KO2611942,0.15687584377885405
KO2611943,0.4023209958769008
KO2611944,0.2776225329256751
KO2611945,0.026309292439970867
KO2611946,0.04575938647305945
KO2611947,0.1851050261755627
KO2611948,0.11779253212274998
KO2611949,0.09897821251170374
KO2611950,0.09676225137298024
KO2611951,0.02013621616406119
KO2611952,0.04992059870543844
KO2611953,0.029544360411684456
KO2611954,0.01047421985757899
KO2611955,0.03856973818872622
KO2611956,0.03408013888911791
KO2611957,0.24167017881031427
KO2611958,0.02365942911948646
KO2611959,0.08385486649687081
KO2611960,0.02448351889333082
KO2611961,0.12300734073814401
KO2611962,0.038774286150000836
KO2611963,0.033694385076181166
KO2611964,0.05383790849239248
KO2611965,0.12555172753893937
KO2611966,0.17885450401899564
KO2611967,0.04785576699653259
KO2611968,0.6653222119120233
KO2611969,0.04765108851853276
KO2611970,0.28215594581506265
KO2611971,0.09834093776433475
KO2611972,0.1724584440417844
KO2611973,0.1384803844695053
KO2611974,0.19936982038446538
KO2611975,0.10752464403029492
KO2611976,0.2671745879770565
KO2611977,0.09776760790763436
KO2611978,0.013930396364610118
KO2611979,0.03787646317506844
KO2611980,0.15717325383835093
KO2611981,0.043783734709573564
KO2611982,0.21789843387082694
KO2611983,0.020909517235062684
KO2611984,0.1693904832123709
KO2611985,0.04981654900337075
KO2611986,0.1010263090687218
KO2611987,0.17371535937730095
KO2611988,0.08671234525081833
KO2611989,0.17095997943533167
KO2611990,0.06345039140195931
KO2611991,0.08797187066119495
KO2611992,0.7055678294722475
KO2611993,0.10687494085147789
KO2611994,0.15714907029041883
KO2611995,0.05399432961405027
KO2611996,0.10193052669256066
KO2611997,0.02655054761498265
KO2611998,0.14452546322345164
KO2611999,0.02362929671751509
KO2612000,0.06999770462276733
KO2612001,0.09084274610245638
KO2612002,0.10311272256349355
KO2612003,0.09555172181398089
KO2612004,0.5713259433264405
KO2612005,0.02439828968471422
KO2612006,0.03570246047994124
KO2612007,0.033460257560382366
KO2612008,0.40232429845381873
KO2612009,0.12504043336509824
KO2612010,0.04089245371969366
KO2612011,0.10294296994676985
KO2612012,0.03686659198381379
KO2612013,0.12548985035274957
KO2612014,0.2636141087401811
KO2612015,0.05014026780699936
KO2612016,0.10514708422235924
KO2612017,0.09454321265963711
KO2612018,0.16680430298702176
KO2612019,0.10950298117919492
KO2612020,0.17868672087078857
KO2612021,0.037982136541331715
KO2612022,0.060127234939975994
KO2612023,0.43244804773998646
KO2612024,0.39556771566071086
KO2612025,0.04516737647370336
KO2612026,0.18521423523449293
KO2612027,0.17857603295761726
KO2612028,0.8166217006400646
KO2612029,0.5317960020104522
KO2612030,0.030577402703628673
KO2612031,0.07905210972564539
KO2612032,0.2899139381703972
KO2612033,0.07469364498679847
KO2612034,0.018810638969532206
KO2612035,0.04825878984511007
KO2612036,0.038804151020358654
KO2612037,0.21544264954462686
KO2612038,0.24557330373303415
KO2612039,0.08337916620478539
KO2612040,0.1556178410692447
KO2612041,0.3813562858952199
KO2612042,0.031512529066206316
KO2612043,0.025346115275626913
KO2612044,0.14321177059785004
KO2612045,0.04068874123046555
KO2612046,0.05568615732483107
KO2612047,0.023827319916885373
KO2612048,0.12102752950365114
KO2612049,0.029166775432544017
KO2612050,0.13239635784884715
KO2612051,0.02072919035649587
KO2612052,0.22694576586429188
KO2612053,0.025955571719671867
KO2612054,0.030030622220414607
KO2612055,0.10482108115603392
KO2612056,0.04751357701269033
KO2612057,0.03820689415782822
KO2612058,0.12379559680248961
KO2612059,0.027473311552771537
KO2612060,0.03249630035386891
KO2612061,0.025334699401916027
KO2612062,0.19255427807336248
KO2612063,0.01834766522212551
KO2612064,0.09157642599216465
KO2612065,0.14341253933123616
KO2612066,0.022432723948164555
KO2612067,0.04935616540995697
KO2612068,0.0652612816241385
KO2612069,0.05747277123022448
KO2612070,0.14732132835717018
KO2612071,0.32435668773615495
KO2612072,0.034313171318751876
KO2612073,0.28842098563428903
KO2612074,0.20662952610532145
KO2612075,0.14519230469004726
KO2612076,0.05262044267166518
KO2612077,0.03527396551229305
KO2612078,0.033734008739502164
KO2612079,0.017933295537825897
KO2612080,0.13441995475084453
KO2612081,0.04175574925377817
KO2612082,0.5219968205899961
KO2612083,0.4592530417166739
KO2612084,0.36752794426312335
KO2612085,0.028871266356975095
KO2612086,0.17174786533598282
KO2612087,0.13126013030918524
KO2612088,0.008132883783031597
KO2612089,0.03329866318022425
KO2612090,0.014645470244505155
KO2612091,0.022734428788094934
KO2612092,0.2603859805857356
KO2612093,0.10568659936912678
KO2612094,0.08346643233498019
KO2612095,0.1227569153025036
KO2612096,0.15571122516203428
KO2612097,0.26751401477891573
KO2612098,0.01458497250834499
KO2612099,0.03437225528504163
KO2612100,0.14570646113950164
KO2612101,0.04044333048970351
KO2612102,0.05858185182095045
KO2612103,0.04751019639624719
KO2612104,0.019499275394886814
KO2612105,0.02513024096988948
KO2612106,0.04775581872087701
KO2612107,0.015818485194149516
KO2612108,0.19915192400785758
KO2612109,0.1473873008184718
KO2612110,0.09941846349929083
KO2612111,0.009793382746975271
KO2612112,0.14565560477141776
KO2612113,0.07995287516983061
KO2612114,0.01273405605167828
KO2612115,0.13349758733368317
KO2612116,0.11076368178307562
KO2612117,0.03689334605732614
KO2612118,0.06178624087343532
KO2612119,0.029930545830202646
KO2612120,0.0231827196079564
KO2612121,0.14713581534062906
KO2612122,0.7574205601079941
KO2612123,0.1669654858934298
KO2612124,0.016784905593471393
KO2612125,0.03597446727569357
KO2612126,0.16327613140791772
KO2612127,0.05934465589672298
KO2612128,0.03172965566862728
KO2612129,0.035388999995224164
KO2612130,0.30346055568854585
KO2612131,0.050943624617787044
KO2612132,0.013983218988426634
KO2612133,0.1925892338595697
KO2612134,0.05866366413616192
KO2612135,0.10452097598513226
KO2612136,0.17530653473444224
KO2612137,0.3849838171249321
KO2612138,0.046285683253111734
KO2612139,0.034972704793144134
KO2612140,0.04207950713911693
KO2612141,0.012986113779106663
KO2612142,0.03710541890505025
KO2612143,0.011543785695008506
KO2612144,0.3124680399819299
KO2612145,0.3057539180849107
KO2612146,0.05783773666993534
KO2612147,0.5049019347517519
KO2612148,0.10188222555057684
KO2612149,0.04082026926450236
KO2612150,0.22941230733746998
KO2612151,0.0469486980475694
KO2612152,0.0669570146717288
KO2612153,0.39938395192623566
KO2612154,0.07464653520843564
KO2612155,0.9841654240861719
KO2612156,0.018873933127463743
KO2612157,0.008646237533151777
KO2612158,0.013308924968487243
KO2612159,0.08065393161707635
KO2612160,0.08130844302491329
KO2612161,0.07631413015501329
KO2612162,0.06885375272607976
KO2612163,0.3318126664142514
KO2612164,0.09210341195321944
KO2612165,0.08199862225774471
KO2612166,0.6689700032167393
KO2612167,0.03904198322959779
KO2612168,0.051031684506366276
KO2612169,0.30077802520995983
KO2612170,0.07044428575433617
KO2612171,0.05890401208034837
KO2612172,0.06238248811254785
KO2612173,0.03741780878170287
KO2612174,0.06084789923105655
KO2612175,0.0968268780334517
KO2612176,0.1368412864708408
KO2612177,0.05421841391033387
KO2612178,0.04626235319679485
KO2612179,0.707412457054812
KO2612180,0.0930485494432477
KO2612181,0.11355653405085946
KO2612182,0.039572639977229714
KO2612183,0.6043417927233808
KO2612184,0.1103828501372666
KO2612185,0.0727998176585581
KO2612186,0.27851002359642696
KO2612187,0.2808508396120588
KO2612188,0.013708666712894425
KO2612189,0.07077520793620024
KO2612190,0.020873537742026847
KO2612191,0.03313197968203356
KO2612192,0.05694370647232215
KO2612193,0.040881328188527376
KO2612194,0.3586640286856856
KO2612195,0.14822639258610457
KO2612196,0.049101170016543405
KO2612197,0.07766230626550699
KO2612198,0.1281316056084036
KO2612199,0.02829449486082925
KO2612200,0.04251688918903691
KO2612201,0.18503803798324542
KO2612202,0.05818735865937331
KO2612203,0.04865722388715596
KO2612204,0.014333816752915427
KO2612205,0.05311630370711782
KO2612206,0.5088534444377615
KO2612207,0.2106103904134204
KO2612208,0.13681255964435396
KO2612209,0.012289999324803404
KO2612210,0.10663645658273732
KO2612211,0.12363152994633825
KO2612212,0.02290195038148461
KO2612213,0.08512419764011436
KO2612214,0.08826213902251259
KO2612215,0.07918017479935893
KO2612216,0.1578559342287209
KO2612217,0.11240518097643609
KO2612218,0.14638269073716717
KO2612219,0.05000707844131899
KO2612220,0.013391556730624745
KO2612221,0.017776702843596066
KO2612222,0.08120903207493738
KO2612223,0.08411980413415439
KO2612224,0.015093932975750615
KO2612225,0.050445554059952644
KO2612226,0.02002107060973355
KO2612227,0.15768270819633087
KO2612228,0.05885716230650704
KO2612229,0.03181025009092253
KO2612230,0.052562327251983176
KO2612231,0.03100699542035582
KO2612232,0.09041053340580783
KO2612233,0.035553340491687575
KO2612234,0.0358553480422175
KO2612235,0.11684122665331574
KO2612236,0.029930780417947313
KO2612237,0.064041193115524
KO2612238,0.04237323000091778
KO2612239,0.03768410588765717
KO2612240,0.7918632950155429
KO2612241,0.2681667944176091
KO2612242,0.06164447174706404
KO2612243,0.2489236072077458
KO2612244,0.09935722439523241
KO2612245,0.05559082735615261
KO2612246,0.21006787423931692
KO2612247,0.09209044426177697
KO2612248,0.22065733182535746
KO2612249,0.06969007685651601
KO2612250,0.1512400535359444
KO2612251,0.021258096036581197
KO2612252,0.045586500617823905
KO2612253,0.16888042429831973
KO2612254,0.03133820262295956
KO2612255,0.02878608925462476
KO2612256,0.0421571362434385
KO2612257,0.18121906296341428
KO2612258,0.010392398918747759
KO2612259,0.15020696016507237
KO2612260,0.40417732159510195
KO2612261,0.4583186100289025
KO2612262,0.042543462564712586
KO2612263,0.15121503987627624
KO2612264,0.04054762521789599
KO2612265,0.13606600132700358
KO2612266,0.12588434661374373
KO2612267,0.06748552856631992
KO2612268,0.5837224875869631
KO2612269,0.1571431889695929
KO2612270,0.04971327505024415
KO2612271,0.034555226218296715
KO2612272,0.2554065914948849
KO2612273,0.1098135206668672
KO2612274,0.038163280641747906
KO2612275,0.4089494329134103
KO2612276,0.10070214144983687
KO2612277,0.3347045604246622
KO2612278,0.25395497499047226
KO2612279,0.06283976386411912
KO2612280,0.1358518250112406
KO2612281,0.11746501956763282
KO2612282,0.059492228318779136
KO2612283,0.16240577503407191
KO2612284,0.19269400389411417
KO2612285,0.053819766688976804
KO2612286,0.0824913923501738
KO2612287,0.09085704507174035
KO2612288,0.15534162793951675
KO2612289,0.03784558317919911
KO2612290,0.01865647537182013
KO2612291,0.10236355608405966
KO2612292,0.02617903952224002
KO2612293,0.0410439200597375
KO2612294,0.029696979144937845
KO2612295,0.013260370151251739
KO2612296,0.13376096903458873
KO2612297,0.10716013196268132
KO2612298,0.05042684185803859
KO2612299,0.03572253766935685
KO2612300,0.023441119017103773
KO2612301,0.05536069363061773
KO2612302,0.02028821159143794
KO2612303,0.030295745054243137
KO2612304,0.19344652060234918
KO2612305,0.04388281934147974
KO2612306,0.10286251937389458
KO2612307,0.9490520481399135
KO2612308,0.29091802257617433
KO2612309,0.04466785632203172
KO2612310,0.017998805992309165
KO2612311,0.027455367984652843
KO2612312,0.0202275221138913
KO2612313,0.3521905230269872
KO2612314,0.1970861400222269
KO2612315,0.2278878058647976
KO2612316,0.028407923938078315
KO2612317,0.11969531648874202
KO2612318,0.2493679757646469
KO2612319,0.13533838600999237
KO2612320,0.012734794374075212
KO2612321,0.029514652345691235
KO2612322,0.023685559078120085
KO2612323,0.017523479942067346
KO2612324,0.15875599679111643
KO2612325,0.14648594499620826
KO2612326,0.10105999596490481
KO2612327,0.182224130785337
KO2612328,0.049423069937687726
KO2612329,0.08460826738898879
KO2612330,0.03539041498794038
KO2612331,0.07884527798936765
KO2612332,0.013863138140782728
KO2612333,0.133293346587794
KO2612334,0.0880827888998554
KO2612335,0.19908802682191334
KO2612336,0.017578133867028105
KO2612337,0.05102995925868614
KO2612338,0.03403500928364907
KO2612339,0.221973972957003
KO2612340,0.1059936217242859
KO2612341,0.04692662607789709
KO2612342,0.23770499042549295
KO2612343,0.011553358973873759
KO2612344,0.026908413758781426
KO2612345,0.105797220298276
KO2612346,0.3777140311219389
KO2612347,0.2616850983633936
KO2612348,0.13288603672449667
KO2612349,0.07385237886794337
KO2612350,0.4667096723383761
KO2612351,0.11591688989461191
KO2612352,0.18584842779056632
KO2612353,0.03650713601087116
KO2612354,0.01879499970196684
KO2612355,0.05921216576661547
KO2612356,0.025484753473429198
KO2612357,0.5756469278027729
KO2612358,0.07235653875361642
KO2612359,0.061665884139494975
KO2612360,0.03234997173144549
KO2612361,0.10648913965053615
KO2612362,0.19242660855103946
KO2612363,0.025077670089792507
KO2612364,0.05583688790527444
KO2612365,0.1136077318665411
KO2612366,0.026368409699787005
KO2612367,0.03640247240550343
KO2612368,0.06914806530551316
KO2612369,0.013336547898622967
KO2612370,0.03451368338294212
KO2612371,0.14635790764335974
KO2612372,0.04064925100871082
KO2612373,0.02647359071845814
KO2612374,0.018735191411444106
KO2612375,0.025451067594885357
KO2612376,0.06282908877360817
KO2612377,0.020891623200096993
KO2612378,0.14182875358315009
KO2612379,0.06729120004786299
KO2612380,0.3832435235606527
KO2612381,0.015524152704945293
KO2612382,0.3156156338623604
KO2612383,0.20876740605723673
KO2612384,0.0760640097841699
KO2612385,0.016000576177470922
KO2612386,0.10305447725389079
KO2612387,0.056345917231281496
KO2612388,0.046307953683225406
KO2612389,0.03924853201327749
KO2612390,0.09853719240015882
KO2612391,0.06598566874727042
KO2612392,0.054689468948868114
KO2612393,0.09728163570405188
KO2612394,0.01672707884817776
KO2612395,0.10577223913925107
KO2612396,0.041592721099823315
KO2612397,0.17365417240609385
KO2612398,0.07094166471640694
KO2612399,0.03877050272159904
KO2612400,0.09772703569031162
KO2612401,0.06594579620347406
KO2612402,0.05168116051833719
KO2612403,0.04053713186190795
KO2612404,0.2814734037627206
KO2612405,0.1795139234094846
KO2612406,0.13011404749546976
KO2612407,0.1919766209762251
KO2612408,0.0985965838842128
KO2612409,0.2148145863474756
KO2612410,0.07425225060168826
KO2612411,0.12059045742343391
KO2612412,0.04737431859806044
KO2612413,0.2860013839474076
KO2612414,0.0896707699727595
KO2612415,0.025190846528360126
KO2612416,0.032360449568719626
KO2612417,0.05726082897002531
KO2612418,0.08238840713393146
KO2612419,0.14941728695986525
KO2612420,0.03597169118256774
KO2612421,0.020571183444015047
KO2612422,0.19862857579632942
KO2612423,0.12719196697490323
KO2612424,0.011336990775293916
KO2612425,0.07955031893359935
KO2612426,0.0377638709562844
KO2612427,0.0939212204609824
KO2612428,0.1875270351320424
KO2612429,0.3228435082599555
KO2612430,0.01355964886882118
KO2612431,0.13931684402720798
KO2612432,0.16493348715221473
KO2612433,0.03576017130553118
KO2612434,0.09063639171748175
KO2612435,0.066574002635897
KO2612436,0.0630392914090716
KO2612437,0.031617746347714734
KO2612438,0.06379670041896282
KO2612439,0.2522922123303843
KO2612440,0.02901589273044633
KO2612441,0.13377817858358274
KO2612442,0.12762361532935232
KO2612443,0.04555137966916526
KO2612444,0.01692017106178815
KO2612445,0.2112176040572124
KO2612446,0.08033955469995048
KO2612447,0.0287045024371708
KO2612448,0.03353028669394992
KO2612449,0.0598066642604914
KO2612450,0.21588738928615397
KO2612451,0.042279895025956755
KO2612452,0.15141609233819983
KO2612453,0.03763853493008056
KO2612454,0.2139189629394493
KO2612455,0.020873119551506
KO2612456,0.10025200217336781
KO2612457,0.2288660206065794
KO2612458,0.6971034990883526
KO2612459,0.20593816459134437
KO2612460,0.04501107414583134
KO2612461,0.04357935945646787
KO2612462,0.12953607291105296
KO2612463,0.2946305333094419
KO2612464,0.03321925031512231
KO2612465,0.24870343765155076
KO2612466,0.3659650094638854
KO2612467,0.03313574917669109
KO2612468,0.35130255311691977
KO2612469,0.1919891043208586
KO2612470,0.13072637519974614
KO2612471,0.017435837821625094
KO2612472,0.05840357026247651
KO2612473,0.021931841989249894
KO2612474,0.05276383187248462
KO2612475,0.012599830400881137
KO2612476,0.026284137012856066
KO2612477,0.08420354258523083
KO2612478,0.23085867668977075
KO2612479,0.2633104873801269
KO2612480,0.1799563173294048
KO2612481,0.10935038899799085
KO2612482,0.028366174027550203
KO2612483,0.11993591923339936
KO2612484,0.06746374833122375
KO2612485,0.11589134334055692
KO2612486,0.1240820988239473
KO2612487,0.04756509972790753
KO2612488,0.0572910363671663
KO2612489,0.10842025994593689
KO2612490,0.08628694283901242
KO2612491,0.17079184595855967
KO2612492,0.03667855709624251
KO2612493,0.1648635925044165
KO2612494,0.008424521681259156
KO2612495,0.07542532793710338
KO2612496,0.012856558688742867
KO2612497,0.01102035902600638
KO2612498,0.03935582483789445
KO2612499,0.05467389785530476
KO2612500,0.030207514152433314
KO2612501,0.043003933467931715
KO2612502,0.08957946681966947
KO2612503,0.04608880798777413
KO2612504,0.05043280736479299
KO2612505,0.1700501559895069
KO2612506,0.023660241014212016
KO2612507,0.010861194248391043
KO2612508,0.012518157838146086
KO2612509,0.012559363828696525
KO2612510,0.21688999552589583
KO2612511,0.10368868122522201
KO2612512,0.1273962023858511
KO2612513,0.1431444278593332
KO2612514,0.05379173569168826
KO2612515,0.018621141087232812
KO2612516,0.11239528942523275
KO2612517,0.04708840290435387
KO2612518,0.05152982605992746
KO2612519,0.02070346302090048
KO2612520,0.11327626499283952
KO2612521,0.015255983904513824
KO2612522,0.035596828966266376
KO2612523,0.47820405175388103
KO2612524,0.040583217940204974
KO2612525,0.06673953895212639
KO2612526,0.17127751509568212
KO2612527,0.00848340363448723
KO2612528,0.41299922332148803
KO2612529,0.00681989989548524
KO2612530,0.05849801259328791
KO2612531,0.3517649222761531
KO2612532,0.43889484213294
KO2612533,0.011177819859303606
KO2612534,0.22977980610553198
KO2612535,0.10060946888894216
KO2612536,0.047408898191218345
KO2612537,0.08905224186214745
KO2612538,0.23210198887398942
KO2612539,0.12070587201992772
KO2612540,0.016165508168670645
KO2612541,0.053320959671064816
KO2612542,0.03736223677599887
KO2612543,0.20992158467610375
KO2612544,0.022368275264800834
KO2612545,0.06918311565094214
KO2612546,0.016127303440389214
KO2612547,0.4489664432557789
KO2612548,0.27317599396176495
KO2612549,0.17496275309031953
KO2612550,0.3172645536659999
KO2612551,0.06824977029228296
KO2612552,0.1444440089362453
KO2612553,0.043575072667601446
KO2612554,0.1899096468195596
KO2612555,0.03603011503019669
KO2612556,0.030875417275018035
KO2612557,0.285824980253729
KO2612558,0.047810240458784174
KO2612559,0.06298049089518624
KO2612560,0.04502078716710322
KO2612561,0.09317812670511941
KO2612562,0.0651371550296715
KO2612563,0.06496488133716952
KO2612564,0.048037197458881145
KO2612565,0.020044625734800113
KO2612566,0.026024981148874245
KO2612567,0.05826761830360676
KO2612568,0.07622113455531535
KO2612569,0.074863397290144
KO2612570,0.023988100872217158
KO2612571,0.21528549787227783
KO2612572,0.03650911124727591
KO2612573,0.07592362299169714
KO2612574,0.18778082293890724
KO2612575,0.08066274796486149
KO2612576,0.015566587172888622
KO2612577,0.14340780168347336
KO2612578,0.04913282378296655
KO2612579,0.02901886421868464
KO2612580,0.07425254381600008
KO2612581,0.015953592930138177
KO2612582,0.07823941117514331
KO2612583,0.02719804081201618
KO2612584,0.10350283522575393
KO2612585,0.16841631908166016
KO2612586,0.14238220477543187
KO2612587,0.16306668070553207
KO2612588,0.033426548647682484
KO2612589,0.013721429030126991
KO2612590,0.3031374256526395
KO2612591,0.04455563246245056
KO2612592,0.12883844997844002
KO2612593,0.1274160881071242
KO2612594,0.03612660722273015
KO2612595,0.08341081068622937
KO2612596,0.14633101064774126
KO2612597,0.05844062309308769
KO2612598,0.19276821562730537
KO2612599,0.1784561124145081
